Date,Day,Session 1 (08:00am to 11:00am),Session 2 (12:00pm to 03:00pm)
28/09 /2026 ,Monday,A,B
29/09 /2026 ,Tuesday,C,D
30/09 /2026 ,Wednesday,B,A
01/10 /2026 ,Thursday,D,C
02/10 /2026 ,Friday,-,-
03/10 /2026 ,Saturday,C,D
04/10 /2026 ,Sunday,-,-
05/10 /2026 ,Monday,A,B
06/10 /2026 ,Tuesday,C,D
07/10 /2026 ,Wednesday,B,A
08/10 /2026 ,Thursday,D,C
09/10 /2026 ,Friday,A,B
10/10 /2026 ,Saturday,C,D
11/10 /2026 ,Sunday,-,-
12/10 /2026 ,Monday,A,B
13/10 /2026 ,Tuesday,C,D
14/10 /2026 ,Wednesday,B,A
15/10 /2026 ,Thursday,D,C
16/10 /2026 ,Friday,A,B
17/10 /2026 ,Saturday,-,-
18/10 /2026 ,Sunday,-,-
19/10 /2026 ,Monday,-,-
20/10 /2026 ,Tuesday,C,D
21/10 /2026 ,Wednesday,B,A
22/10 /2026 ,Thursday,D,C
23/10 /2026 ,Friday,A,B
24/10 /2026 ,Saturday,C,D
25/10 /2026 ,Sunday,-,-
26/10 /2026 ,Monday,A,B
27/10 /2026 ,Tuesday,C,D
28/10 /2026 ,Wednesday,B,A
29/10 /2026 ,Thursday,D,C
30/10 /2026 ,Friday,A,B
31/10 /2026 ,Saturday,C,D
01/11 /2026 ,Sunday,-,-
02/11 /2026 ,Monday,A,B
03/11 /2026 ,Tuesday,C,D
04/11 /2026 ,Wednesday,B,A
05/11 /2026 ,Thursday,D,C
06/11 /2026 ,Friday,A,B
07/11 /2026 ,Saturday,-,-
08/11 /2026 ,Sunday,-,-
09/11 /2026 ,Monday,-,-
10/11 /2026 ,Tuesday,-,-
11/11 /2026 ,Wednesday,-,-
12/11 /2026 ,Thursday,-,-
13/11 /2026 ,Friday,-,-
14/11 /2026 ,Saturday,-,-
15/11 /2026 ,Sunday,-,-
16/11 /2026 ,Monday,A,B
17/11 /2026 ,Tuesday,C,D
18/11 /2026 ,Wednesday,B,A
19/11 /2026 ,Thursday,D,C
20/11 /2026 ,Friday,A,B
21/11 /2026 ,Saturday,C,D
22/11 /2026 ,Sunday,-,-
23/11 /2026 ,Monday,A,B
24/11 /2026 ,Tuesday,C,D
25/11 /2026 ,Wednesday,B,A
26/11 /2026 ,Thursday,D,C
27/11 /2026 ,Friday,A,B
28/11 /2026 ,Saturday,C,D
29/11 /2026 ,Sunday,-,-
30/11 /2026 ,Monday,A,B
01/12 /2026 ,Tuesday,C,D
02/12 /2026 ,Wednesday,B,A
03/12 /2026 ,Thursday,D,C
04/12 /2026 ,Friday,,
05/12 /2026 ,Saturday,,
06/12 /2026 ,Sunday,,
07/12 /2026 ,Monday,,
08/12 /2026 ,Tuesday,,
09/12 /2026 ,Wednesday,,
10/12 /2026 ,Thursday,,
11/12 /2026 ,Friday,,
12/12 /2026 ,Saturday,,
13/12 /2026 ,Sunday,,
14/12 /2026 ,Monday,,
15/12 /2026 ,Tuesday,,
16/12 /2026 ,Wednesday,,
17/12 /2026 ,Thursday,,
18/12 /2026 ,Friday,,
19/12 /2026 ,Saturday,,
20/12 /2026 ,Sunday,,
21/12 /2026 ,Monday,,
22/12 /2026 ,Tuesday,,
23/12 /2026 ,Wednesday,,
24/12 /2026 ,Thursday,,
25/12 /2026 ,Friday,,
26/12 /2026 ,Saturday,,
27/12 /2026 ,Sunday,,
28/12 /2026 ,Monday,,
29/12 /2026 ,Tuesday,,
30/12 /2026 ,Wednesday,,
31/12 /2026 ,Thursday,,
01/01 /2027 ,Friday,,
02/01 /2027 ,Saturday,,
03/01 /2027 ,Sunday,,
04/01 /2027 ,Monday,,